Marka,ID,Dni od zakupu,Wiek kupującego,Ocena
Beko,279.1304347826087,6.489130434782608,39.426829268292686,2.4456521739130435
Dyson,276.3176470588235,7.270588235294118,40.15384615384615,2.5823529411764707
Electrolux,244.4433962264151,7.367924528301887,39.78125,2.5707547169811322
Samsung,286.2980769230769,7.355769230769231,40.5,2.2788461538461537
Tefal,286.2,6.703030303030303,39.45637583892618,2.566666666666667
